forenames,surnames,email,password,treatment
Margarita,Playán Ruíz,margaritaplayanruiz@csef.com,password,true
Carlos,Amador Fierros,carlosamadorfierros@csef.com,password,true
Ignacio,González Chávez,ignaciogonzalezchavez@csef.com,password,true
Mirna,Álvarez González,mirnaalvarezgonzalez@csef.com,password,true
María José,Reynoso Garza,mariajosereynosogarza@csef.com,password,true
René,del Rocío Pérez,renedelrocioperez@csef.com,password,true
Arturo,Jimenez Pérez,arturojimenezperez@csef.com,password,true
José María,Magaña Rosas,josemariamaganarosas@csef.com,password,true
Susana,Becerra Sánchez,susanabecerrasanchez@csef.com,password,true
Diana,Rodriguez Vázquez,dianarodriguezvazquez@csef.com,password,true
Alfonso,Soto Chávez,alfonsosotochavez@csef.com,password,true
Sofía,Rodriguez Vázquez,sofiarodriguezvazquez@csef.com,password,true
José María,del Rocío Pérez,josemariadelrocioperez@csef.com,password,true
Susana,Soto Chávez,susanasotochavez@csef.com,password,true
Ana Paula,Ríos Ochoa,anapaulariosochoa@csef.com,password,true
Michelle,Ochoa González,michelleochoagonzalez@csef.com,password,true
Mirna,González Amador,mirnagonzalezamador@csef.com,password,true
Tonatiuh,Ríos Ochoa,tonatiuhriosochoa@csef.com,password,true
Marisol,Amador Fierros,marisolamadorfierros@csef.com,password,true
Aranzazú,Díaz Ante,aranzazudiazante@csef.com,password,true
Adriana,Villarreal Luis,adrianavillarrealluis@csef.com,password,true
Margarita,Ríos Ochoa,margaritariosochoa@csef.com,password,true
Ana Paula,Becerra Sánchez,anapaulabecerrasanchez@csef.com,password,true
Miroslava,Cárdenas López,miroslavacardenaslopez@csef.com,password,true
Sofía,Ríos Ochoa,sofiariosochoa@csef.com,password,true
María Guadalupe,Jimenez Pérez,mariaguadalupejimenezperez@csef.com,password,true
Carlos,González Amador,carlosgonzalezamador@csef.com,password,true
Marisol,Llerenas Ortega,marisolllerenasortega@csef.com,password,true
Mirna,del Rocío Pérez,mirnadelrocioperez@csef.com,password,true
Carla,Ríos Ochoa,carlariosochoa@csef.com,password,true
Adriana,Playán Ruíz,adrianaplayanruiz@csef.com,password,true
Miroslava,Pérez Reverte,miroslavaperezreverte@csef.com,password,true
Ignacio,Junquera González,ignaciojunqueragonzalez@csef.com,password,true
Tonatiuh,Magaña Rosas,tonatiuhmaganarosas@csef.com,password,true
Juana,Pérez Reverte,juanaperezreverte@csef.com,password,true
Ana Paula,Amador Fierros,anapaulaamadorfierros@csef.com,password,true
Margarita,Torres Fierros,margaritatorresfierros@csef.com,password,true
Miroslava,Martínez Amaya,miroslavamartinezamaya@csef.com,password,true
María José,Preciado Vaca,mariajosepreciadovaca@csef.com,password,true
Genoveva,Carrillo Hinojosa,genovevacarrillohinojosa@csef.com,password,true
Ignacio,Villarreal Luis,ignaciovillarrealluis@csef.com,password,true
Pedro,Rodriguez Vázquez,pedrorodriguezvazquez@csef.com,password,true
Diana,Playán Ruíz,dianaplayanruiz@csef.com,password,true
José María,Marrufo Ventura,josemariamarrufoventura@csef.com,password,true
Marisol,Jimenez Pérez,marisoljimenezperez@csef.com,password,true
María José,Carrillo Hinojosa,mariajosecarrillohinojosa@csef.com,password,true
Pedro,Marrufo Ventura,pedromarrufoventura@csef.com,password,true
Arturo,Díaz Ante,arturodiazante@csef.com,password,true
Carla,Carrillo Hinojosa,carlacarrillohinojosa@csef.com,password,true
María José,Jimenez Pérez,mariajosejimenezperez@csef.com,password,false
César,Jimenez Pérez,cesarjimenezperez@csef.com,password,false
Susana,Venegas Ceballos,susanavenegasceballos@csef.com,password,false
Aranzazú,Marrufo Ventura,aranzazumarrufoventura@csef.com,password,false
Juan Pablo,Cabrera Ventura,juanpablocabreraventura@csef.com,password,false
Miroslava,Magaña Rosas,miroslavamaganarosas@csef.com,password,false
Juana,Rodriguez Vázquez,juanarodriguezvazquez@csef.com,password,false
Alfonso,Amador Fierros,alfonsoamadorfierros@csef.com,password,false
Adriana,Michel Sánchez,adrianamichelsanchez@csef.com,password,false
Sofía,Michel Sánchez,sofiamichelsanchez@csef.com,password,false
Pedro Alfonso,Soto Chávez,pedroalfonsosotochavez@csef.com,password,false
Marisol,Carrillo Hinojosa,marisolcarrillohinojosa@csef.com,password,false
Susana,González Chávez,susanagonzalezchavez@csef.com,password,false
Carla,Pérez Reverte,carlaperezreverte@csef.com,password,false
María Guadalupe,Álvarez González,mariaguadalupealvarezgonzalez@csef.com,password,false
René,Álvarez González,renealvarezgonzalez@csef.com,password,false
Carlos,Cabrera Ventura,carloscabreraventura@csef.com,password,false
Tonatiuh,Michel Sánchez,tonatiuhmichelsanchez@csef.com,password,false
Juan Pablo,Reynoso Garza,juanpabloreynosogarza@csef.com,password,false
Juan Pablo,Marrufo Ventura,juanpablomarrufoventura@csef.com,password,false
Alfonso,Michel Sánchez,alfonsomichelsanchez@csef.com,password,false
René,Playán Ruíz,reneplayanruiz@csef.com,password,false
Susana,González Amador,susanagonzalezamador@csef.com,password,false
Alfonso,Ochoa González,alfonsoochoagonzalez@csef.com,password,false
Mirna,Michel Sánchez,mirnamichelsanchez@csef.com,password,false
César,Marrufo Ventura,cesarmarrufoventura@csef.com,password,false
Adriana,Ríos Ochoa,adrianariosochoa@csef.com,password,false
Juan Pablo,Preciado Vaca,juanpablopreciadovaca@csef.com,password,false
Ana Paula,Junquera González,anapaulajunqueragonzalez@csef.com,password,false
Arturo,Pérez Reverte,arturoperezreverte@csef.com,password,false
Mirna,Venegas Ceballos,mirnavenegasceballos@csef.com,password,false
Genoveva,Michel Sánchez,genovevamichelsanchez@csef.com,password,false
Carlos,Playán Ruíz,carlosplayanruiz@csef.com,password,false
César,Rodriguez Vázquez,cesarrodriguezvazquez@csef.com,password,false
Sofía,Amador Fierros,sofiaamadorfierros@csef.com,password,false
Diana,Ríos Preciado,dianariospreciado@csef.com,password,false
Pablo,Magaña Rosas,pablomaganarosas@csef.com,password,false
José María,Díaz Ante,josemariadiazante@csef.com,password,false
Pablo,González Amador,pablogonzalezamador@csef.com,password,false
Arturo,Ochoa González,arturoochoagonzalez@csef.com,password,false
César,Preciado Vaca,cesarpreciadovaca@csef.com,password,false
René,Cárdenas López,renecardenaslopez@csef.com,password,false
María Guadalupe,Amador Fierros,mariaguadalupeamadorfierros@csef.com,password,false
Juana,Ochoa González,juanaochoagonzalez@csef.com,password,false
Susana,Junquera González,susanajunqueragonzalez@csef.com,password,false
María Guadalupe,Villarreal Luis,mariaguadalupevillarrealluis@csef.com,password,false
Alfonso,Ríos Preciado,alfonsoriospreciado@csef.com,password,false
Alfonso,Pérez Reverte,alfonsoperezreverte@csef.com,password,false
Mirna,Cárdenas López,mirnacardenaslopez@csef.com,password,false
Mirna,Ríos Ochoa,mirnariosochoa@csef.com,password,false
Alfonso,Martínez Amaya,alfonsomartinezamaya@csef.com,password,false
Margarita,Marrufo Ventura,margaritamarrufoventura@csef.com,password,true
Pedro Alfonso,Preciado Vaca,pedroalfonsopreciadovaca@csef.com,password,true
Carlos,Llerenas Ortega,carlosllerenasortega@csef.com,password,true
Pedro,Venegas Ceballos,pedrovenegasceballos@csef.com,password,true
Marisol,Martínez Amaya,marisolmartinezamaya@csef.com,password,true
Carla,Michel Sánchez,carlamichelsanchez@csef.com,password,true
Ignacio,del Rocío Pérez,ignaciodelrocioperez@csef.com,password,true
Tonatiuh,Marrufo Ventura,tonatiuhmarrufoventura@csef.com,password,true
Marisol,Playán Ruíz,marisolplayanruiz@csef.com,password,true
María Guadalupe,Becerra Sánchez,mariaguadalupebecerrasanchez@csef.com,password,true
Carlos,Rodriguez Vázquez,carlosrodriguezvazquez@csef.com,password,true
José María,Reynoso Garza,josemariareynosogarza@csef.com,password,true
Sofía,Magaña Rosas,sofiamaganarosas@csef.com,password,true
Carlos,Magaña Rosas,carlosmaganarosas@csef.com,password,true
Aranzazú,Torres Fierros,aranzazutorresfierros@csef.com,password,true
Alfonso,Villarreal Luis,alfonsovillarrealluis@csef.com,password,true
Miroslava,Llerenas Ortega,miroslavallerenasortega@csef.com,password,true
Adriana,González Amador,adrianagonzalezamador@csef.com,password,true
Genoveva,Llerenas Ortega,genovevallerenasortega@csef.com,password,true
Carlos,Pérez Reverte,carlosperezreverte@csef.com,password,true
Margarita,Ríos Preciado,margaritariospreciado@csef.com,password,true
Carlos,Martínez Amaya,carlosmartinezamaya@csef.com,password,true
Arturo,Amador Fierros,arturoamadorfierros@csef.com,password,true
René,Carrillo Hinojosa,renecarrillohinojosa@csef.com,password,true
Margarita,Michel Sánchez,margaritamichelsanchez@csef.com,password,true
Aranzazú,Jimenez Pérez,aranzazujimenezperez@csef.com,password,true
José María,Villarreal Luis,josemariavillarrealluis@csef.com,password,true
Pablo,Villarreal Luis,pablovillarrealluis@csef.com,password,true
Carla,Villarreal Luis,carlavillarrealluis@csef.com,password,true
Miroslava,Ríos Ochoa,miroslavariosochoa@csef.com,password,true
Susana,Ruíz Arias,susanaruizarias@csef.com,password,true
Margarita,Jimenez Pérez,margaritajimenezperez@csef.com,password,true
Tonatiuh,Pérez Reverte,tonatiuhperezreverte@csef.com,password,true
María José,Becerra Sánchez,mariajosebecerrasanchez@csef.com,password,true
Carlos,Álvarez González,carlosalvarezgonzalez@csef.com,password,true
Mirna,Martínez Amaya,mirnamartinezamaya@csef.com,password,true
Juana,Jimenez Pérez,juanajimenezperez@csef.com,password,true
Ana Paula,González Chávez,anapaulagonzalezchavez@csef.com,password,true
Sofía,Reynoso Garza,sofiareynosogarza@csef.com,password,true
Mirna,Torres Fierros,mirnatorresfierros@csef.com,password,true
Adriana,González Chávez,adrianagonzalezchavez@csef.com,password,true
Carla,González Chávez,carlagonzalezchavez@csef.com,password,true
Miroslava,Michel Sánchez,miroslavamichelsanchez@csef.com,password,true
Juana,Ríos Ochoa,juanariosochoa@csef.com,password,true
Ignacio,Álvarez González,ignacioalvarezgonzalez@csef.com,password,true
Sofía,Llerenas Ortega,sofiallerenasortega@csef.com,password,true
Mirna,Becerra Sánchez,mirnabecerrasanchez@csef.com,password,true
José María,Carrillo Hinojosa,josemariacarrillohinojosa@csef.com,password,true
Pedro,Soto Chávez,pedrosotochavez@csef.com,password,true
Carlos,Soto Chávez,carlossotochavez@csef.com,password,false
Genoveva,Marrufo Ventura,genovevamarrufoventura@csef.com,password,false
Carlos,Junquera González,carlosjunqueragonzalez@csef.com,password,false
Arturo,González Amador,arturogonzalezamador@csef.com,password,false
Lina,Villarreal Luis,linavillarrealluis@csef.com,password,false
Carla,Torres Fierros,carlatorresfierros@csef.com,password,false
Margarita,Álvarez González,margaritaalvarezgonzalez@csef.com,password,false
Juan Pablo,Rodriguez Vázquez,juanpablorodriguezvazquez@csef.com,password,false
Miroslava,Playán Ruíz,miroslavaplayanruiz@csef.com,password,false
María José,Michel Sánchez,mariajosemichelsanchez@csef.com,password,false
Marisol,Villarreal Luis,marisolvillarrealluis@csef.com,password,false
María Guadalupe,Reynoso Garza,mariaguadalupereynosogarza@csef.com,password,false
Ignacio,Magaña Rosas,ignaciomaganarosas@csef.com,password,false
Miroslava,Carrillo Hinojosa,miroslavacarrillohinojosa@csef.com,password,false
Genoveva,Reynoso Garza,genovevareynosogarza@csef.com,password,false
Pablo,González Chávez,pablogonzalezchavez@csef.com,password,false
Pedro,Carrillo Hinojosa,pedrocarrillohinojosa@csef.com,password,false
Sofía,Playán Ruíz,sofiaplayanruiz@csef.com,password,false
Juana,Soto Chávez,juanasotochavez@csef.com,password,false
Juana,Preciado Vaca,juanapreciadovaca@csef.com,password,false
Carlos,Marrufo Ventura,carlosmarrufoventura@csef.com,password,false
Sofía,Pérez Reverte,sofiaperezreverte@csef.com,password,false
Lina,Pérez Reverte,linaperezreverte@csef.com,password,false
Juana,Díaz Ante,juanadiazante@csef.com,password,false
Diana,Michel Sánchez,dianamichelsanchez@csef.com,password,false
Michelle,Reynoso Garza,michellereynosogarza@csef.com,password,false
Genoveva,Playán Ruíz,genovevaplayanruiz@csef.com,password,false
Alfonso,Junquera González,alfonsojunqueragonzalez@csef.com,password,false
Juan Pablo,Ochoa González,juanpabloochoagonzalez@csef.com,password,false
Lina,Amador Fierros,linaamadorfierros@csef.com,password,false
Susana,Reynoso Garza,susanareynosogarza@csef.com,password,false
Miroslava,Rodriguez Vázquez,miroslavarodriguezvazquez@csef.com,password,false
Carla,Ríos Preciado,carlariospreciado@csef.com,password,false
Pedro Alfonso,Ríos Preciado,pedroalfonsoriospreciado@csef.com,password,false
Aranzazú,del Rocío Pérez,aranzazudelrocioperez@csef.com,password,false
Michelle,Llerenas Ortega,michellellerenasortega@csef.com,password,false
Roberto,Preciado Vaca,robertopreciadovaca@csef.com,password,false
Pedro,Ruíz Arias,pedroruizarias@csef.com,password,false
Susana,Ríos Ochoa,susanariosochoa@csef.com,password,false
Tonatiuh,Martínez Amaya,tonatiuhmartinezamaya@csef.com,password,false
Juana,González Chávez,juanagonzalezchavez@csef.com,password,false
Miroslava,Becerra Sánchez,miroslavabecerrasanchez@csef.com,password,false
José María,Torres Fierros,josemariatorresfierros@csef.com,password,false
Juan Pablo,Amador Fierros,juanpabloamadorfierros@csef.com,password,false
Juan Pablo,Venegas Ceballos,juanpablovenegasceballos@csef.com,password,false
Miroslava,Villarreal Luis,miroslavavillarrealluis@csef.com,password,false
Sofía,Villarreal Luis,sofiavillarrealluis@csef.com,password,false
Aranzazú,Ochoa González,aranzazuochoagonzalez@csef.com,password,false
María José,Junquera González,mariajosejunqueragonzalez@csef.com,password,false
Diana,Preciado Vaca,dianapreciadovaca@csef.com,password,false
Sofía,Jimenez Pérez,sofiajimenezperez@csef.com,password,false
César,Ríos Preciado,cesarriospreciado@csef.com,password,true
Aranzazú,Álvarez González,aranzazualvarezgonzalez@csef.com,password,true
Genoveva,Álvarez González,genovevaalvarezgonzalez@csef.com,password,true
María José,del Rocío Pérez,mariajosedelrocioperez@csef.com,password,true
Tonatiuh,Ríos Preciado,tonatiuhriospreciado@csef.com,password,true
César,Ruíz Arias,cesarruizarias@csef.com,password,true
Miroslava,Junquera González,miroslavajunqueragonzalez@csef.com,password,true
Margarita,González Chávez,margaritagonzalezchavez@csef.com,password,true
Juan Pablo,Martínez Amaya,juanpablomartinezamaya@csef.com,password,true
Arturo,Llerenas Ortega,arturollerenasortega@csef.com,password,true
Pedro Alfonso,Carrillo Hinojosa,pedroalfonsocarrillohinojosa@csef.com,password,true
Lina,Venegas Ceballos,linavenegasceballos@csef.com,password,true
Ignacio,Ríos Ochoa,ignacioriosochoa@csef.com,password,true
María José,González Chávez,mariajosegonzalezchavez@csef.com,password,true
Miroslava,González Chávez,miroslavagonzalezchavez@csef.com,password,true
Alfonso,Reynoso Garza,alfonsoreynosogarza@csef.com,password,true
Ana Paula,Ruíz Arias,anapaularuizarias@csef.com,password,true
Pedro,Torres Fierros,pedrotorresfierros@csef.com,password,true
Alfonso,Ruíz Arias,alfonsoruizarias@csef.com,password,true
Adriana,Pérez Reverte,adrianaperezreverte@csef.com,password,true
María José,Magaña Rosas,mariajosemaganarosas@csef.com,password,true
José María,Ruíz Arias,josemariaruizarias@csef.com,password,true
Adriana,Preciado Vaca,adrianapreciadovaca@csef.com,password,true
Michelle,Playán Ruíz,michelleplayanruiz@csef.com,password,true
Pablo,Cárdenas López,pablocardenaslopez@csef.com,password,true
Pedro,Junquera González,pedrojunqueragonzalez@csef.com,password,true
Pedro,Cabrera Ventura,pedrocabreraventura@csef.com,password,true
Pedro,Ochoa González,pedroochoagonzalez@csef.com,password,true
Margarita,Villarreal Luis,margaritavillarrealluis@csef.com,password,true
Roberto,Michel Sánchez,robertomichelsanchez@csef.com,password,true
Ignacio,Torres Fierros,ignaciotorresfierros@csef.com,password,true
María Guadalupe,Junquera González,mariaguadalupejunqueragonzalez@csef.com,password,true
Diana,Álvarez González,dianaalvarezgonzalez@csef.com,password,true
José María,Junquera González,josemariajunqueragonzalez@csef.com,password,true
Lina,Álvarez González,linaalvarezgonzalez@csef.com,password,true
Margarita,Magaña Rosas,margaritamaganarosas@csef.com,password,true
Genoveva,Cárdenas López,genovevacardenaslopez@csef.com,password,true
Roberto,Díaz Ante,robertodiazante@csef.com,password,true
Sofía,Díaz Ante,sofiadiazante@csef.com,password,true
Pedro,Playán Ruíz,pedroplayanruiz@csef.com,password,true
Alfonso,Carrillo Hinojosa,alfonsocarrillohinojosa@csef.com,password,true
Carla,Cárdenas López,carlacardenaslopez@csef.com,password,true
Pedro,Villarreal Luis,pedrovillarrealluis@csef.com,password,true
Diana,González Amador,dianagonzalezamador@csef.com,password,true
René,Llerenas Ortega,renellerenasortega@csef.com,password,true
Lina,Jimenez Pérez,linajimenezperez@csef.com,password,true
César,Ríos Ochoa,cesarriosochoa@csef.com,password,true
Mirna,Díaz Ante,mirnadiazante@csef.com,password,true
Pablo,Carrillo Hinojosa,pablocarrillohinojosa@csef.com,password,true
Pedro Alfonso,Becerra Sánchez,pedroalfonsobecerrasanchez@csef.com,password,false
Arturo,Carrillo Hinojosa,arturocarrillohinojosa@csef.com,password,false
Juan Pablo,Michel Sánchez,juanpablomichelsanchez@csef.com,password,false
María Guadalupe,González Amador,mariaguadalupegonzalezamador@csef.com,password,false
Pedro Alfonso,Ríos Ochoa,pedroalfonsoriosochoa@csef.com,password,false
Juana,Martínez Amaya,juanamartinezamaya@csef.com,password,false
Ana Paula,Torres Fierros,anapaulatorresfierros@csef.com,password,false
Pedro,Jimenez Pérez,pedrojimenezperez@csef.com,password,false
Arturo,del Rocío Pérez,arturodelrocioperez@csef.com,password,false
Michelle,Martínez Amaya,michellemartinezamaya@csef.com,password,false
Miroslava,González Amador,miroslavagonzalezamador@csef.com,password,false
Lina,Cabrera Ventura,linacabreraventura@csef.com,password,false
María José,González Amador,mariajosegonzalezamador@csef.com,password,false
María Guadalupe,González Chávez,mariaguadalupegonzalezchavez@csef.com,password,false
Alfonso,Becerra Sánchez,alfonsobecerrasanchez@csef.com,password,false
Ana Paula,Carrillo Hinojosa,anapaulacarrillohinojosa@csef.com,password,false
Juan Pablo,Jimenez Pérez,juanpablojimenezperez@csef.com,password,false
Roberto,Playán Ruíz,robertoplayanruiz@csef.com,password,false
Pablo,Jimenez Pérez,pablojimenezperez@csef.com,password,false
Susana,Rodriguez Vázquez,susanarodriguezvazquez@csef.com,password,false
Adriana,Martínez Amaya,adrianamartinezamaya@csef.com,password,false
César,Carrillo Hinojosa,cesarcarrillohinojosa@csef.com,password,false
César,Cárdenas López,cesarcardenaslopez@csef.com,password,false
Ana Paula,Álvarez González,anapaulaalvarezgonzalez@csef.com,password,false
Mirna,Pérez Reverte,mirnaperezreverte@csef.com,password,false
Marisol,Ríos Preciado,marisolriospreciado@csef.com,password,false
Roberto,Pérez Reverte,robertoperezreverte@csef.com,password,false
Aranzazú,Becerra Sánchez,aranzazubecerrasanchez@csef.com,password,false
Ignacio,Amador Fierros,ignacioamadorfierros@csef.com,password,false
Tonatiuh,Reynoso Garza,tonatiuhreynosogarza@csef.com,password,false
Roberto,Llerenas Ortega,robertollerenasortega@csef.com,password,false
Pablo,Ochoa González,pabloochoagonzalez@csef.com,password,false
Lina,Llerenas Ortega,linallerenasortega@csef.com,password,false
Aranzazú,Reynoso Garza,aranzazureynosogarza@csef.com,password,false
Adriana,Jimenez Pérez,adrianajimenezperez@csef.com,password,false
Roberto,Álvarez González,robertoalvarezgonzalez@csef.com,password,false
Carlos,del Rocío Pérez,carlosdelrocioperez@csef.com,password,false
Aranzazú,Ríos Ochoa,aranzazuriosochoa@csef.com,password,false
Diana,Llerenas Ortega,dianallerenasortega@csef.com,password,false
Tonatiuh,del Rocío Pérez,tonatiuhdelrocioperez@csef.com,password,false
Tonatiuh,Preciado Vaca,tonatiuhpreciadovaca@csef.com,password,false
Margarita,Ochoa González,margaritaochoagonzalez@csef.com,password,false
César,Michel Sánchez,cesarmichelsanchez@csef.com,password,false
César,Soto Chávez,cesarsotochavez@csef.com,password,false
Lina,Ríos Preciado,linariospreciado@csef.com,password,false
Aranzazú,Michel Sánchez,aranzazumichelsanchez@csef.com,password,false
Miroslava,Díaz Ante,miroslavadiazante@csef.com,password,false
Ana Paula,Preciado Vaca,anapaulapreciadovaca@csef.com,password,false
Ana Paula,Cárdenas López,anapaulacardenaslopez@csef.com,password,false
Susana,Ríos Preciado,susanariospreciado@csef.com,password,false
María José,Álvarez González,mariajosealvarezgonzalez@csef.com,password,false
César,Amador Fierros,cesaramadorfierros@csef.com,password,true
José María,Ochoa González,josemariaochoagonzalez@csef.com,password,true
Juana,Carrillo Hinojosa,juanacarrillohinojosa@csef.com,password,true
Margarita,Preciado Vaca,margaritapreciadovaca@csef.com,password,true
Marisol,Ruíz Arias,marisolruizarias@csef.com,password,true
Adriana,Díaz Ante,adrianadiazante@csef.com,password,true
Roberto,Martínez Amaya,robertomartinezamaya@csef.com,password,true
Michelle,Jimenez Pérez,michellejimenezperez@csef.com,password,true
Margarita,Carrillo Hinojosa,margaritacarrillohinojosa@csef.com,password,true
Marisol,del Rocío Pérez,marisoldelrocioperez@csef.com,password,true
Roberto,González Chávez,robertogonzalezchavez@csef.com,password,true
Genoveva,Torres Fierros,genovevatorresfierros@csef.com,password,true
Margarita,Amador Fierros,margaritaamadorfierros@csef.com,password,true
Miroslava,Venegas Ceballos,miroslavavenegasceballos@csef.com,password,true
Pedro Alfonso,González Chávez,pedroalfonsogonzalezchavez@csef.com,password,true
Susana,Llerenas Ortega,susanallerenasortega@csef.com,password,true
Marisol,Magaña Rosas,marisolmaganarosas@csef.com,password,true
Roberto,González Amador,robertogonzalezamador@csef.com,password,true
César,Martínez Amaya,cesarmartinezamaya@csef.com,password,true
Carla,Jimenez Pérez,carlajimenezperez@csef.com,password,true
Adriana,Llerenas Ortega,adrianallerenasortega@csef.com,password,true
María Guadalupe,Venegas Ceballos,mariaguadalupevenegasceballos@csef.com,password,true
Aranzazú,Ruíz Arias,aranzazuruizarias@csef.com,password,true
